slang,standard,language
మొదలుపెట్ట,ప్రారంభించు,Telugu
ఢీలా పడవద్దు,ఆత్మవిశ్వాసంతో ఉండు,Telugu
బుల్లెట్,శక్తిమంతమైన,Telugu
గాయత్రి,గాడి,Telugu
గబ్బర్,కిరాయి,Telugu
మొదలుపెట్ట,ప్రారంభించు,Telugu
దుమ్ము లేపుదాం,బాగా పనిచేద్దాం,Telugu
సెల్ఫీ,తొలిపాటి,Telugu
చల్ రా,వెళ్ళు రా,Telugu
ఎదురు తగిలాడు,వ్యతిరేకించు,Telugu
లైట్ తీసుకో,శాంతంగా ఉండు,Telugu
రాక్,కంపించు,Telugu
లవడ,కుమారుడు,Telugu
రాక్,కంపించు,Telugu
బీట్,ప్రమాదం,Telugu
దుమ్ము లేపుదాం,బాగా పనిచేద్దాం,Telugu
కుదుర్చుకో,సర్దుబాటు చేసుకో,Telugu
ఫస్ట్ క్లాస్,అత్యుత్తమ,Telugu
బీట్,ప్రమాదం,Telugu
కరెక్ట్ గ,సరిగ్గా,Telugu
గాలి వెళ్ళిపోద్ది,ఆలోచన మారుతుంది,Telugu
ఫస్ట్ క్లాస్,అత్యుత్తమ,Telugu
చిల్లర,అల్పం,Telugu
హల్ చల్,సంచలనం,Telugu
ఫస్ట్ క్లాస్,అత్యుత్తమ,Telugu
లవడ,కుమారుడు,Telugu
ఎదురు తగిలాడు,వ్యతిరేకించు,Telugu
కండోమ్,సురక్షిత మార్గం,Telugu
ఫస్ట్ క్లాస్,అత్యుత్తమ,Telugu
నాయ్,నాయనా,Telugu
చిల్లర,అల్పం,Telugu
హల్ చల్,సంచలనం,Telugu
చుస్కో,చూడండి,Telugu
ఫుల్ టార్చర్,అత్యంత ఇబ్బంది,Telugu
ఫినిష్,ముగింపు,Telugu
దుమ్ము లేపుదాం,బాగా పనిచేద్దాం,Telugu
కంప్లీట్,పూర్తి,Telugu
ఎదురు తగిలాడు,వ్యతిరేకించు,Telugu
సెల్ఫీ,తొలిపాటి,Telugu
ఏమైందిరా?,ఏం జరిగింది?,Telugu
ఫస్ట్ క్లాస్,అత్యుత్తమ,Telugu
నాయ్,నాయనా,Telugu
లవడ,కుమారుడు,Telugu
కంప్లీట్,పూర్తి,Telugu
బీటర్,పోటీదారు,Telugu
హల్ చల్,సంచలనం,Telugu
ఫస్ట్ క్లాస్,అత్యుత్తమ,Telugu
కండోమ్,సురక్షిత మార్గం,Telugu
నాయ్,నాయనా,Telugu
డూప్,నకలు,Telugu
లవడ,కుమారుడు,Telugu
బీటర్,పోటీదారు,Telugu
డెబ్బ,గాయం,Telugu
దుమ్ము లేపుదాం,బాగా పనిచేద్దాం,Telugu
కండోమ్,సురక్షిత మార్గం,Telugu
ఫుల్ టార్చర్,అత్యంత ఇబ్బంది,Telugu
బాగుండద్,బాగోలేదు,Telugu
జోరు,ఆత్మవిశ్వాసం,Telugu
కంప్లీట్,పూర్తి,Telugu
మొదలుపెట్ట,ప్రారంభించు,Telugu
జల్లెడ,శుభ్రపరచడం,Telugu
లైట్ తీసుకో,శాంతంగా ఉండు,Telugu
ఫస్ట్ క్లాస్,అత్యుత్తమ,Telugu
సెట్,కుదురుతుంది,Telugu
లైట్ తీసుకో,శాంతంగా ఉండు,Telugu
చిల్లర,అల్పం,Telugu
బుల్లెట్,శక్తిమంతమైన,Telugu
బీట్,ప్రమాదం,Telugu
ఫస్ట్ క్లాస్,అత్యుత్తమ,Telugu
కండోమ్,సురక్షిత మార్గం,Telugu
చప్పట్లు,ప్రశంసలు,Telugu
మక్కా,స్నేహితుడు,Telugu
ఫినిష్,ముగింపు,Telugu
జల్లెడ,శుభ్రపరచడం,Telugu
ఫస్ట్ క్లాస్,అత్యుత్తమ,Telugu
రౌడీ,అల్లరి,Telugu
రౌడీ,అల్లరి,Telugu
రౌడీ,అల్లరి,Telugu
ఫుల్ టార్చర్,అత్యంత ఇబ్బంది,Telugu
చల్ రా,వెళ్ళు రా,Telugu
రౌడీ,అల్లరి,Telugu
టైటు,గట్టి,Telugu
నిజాముగా,నిజంగా,Telugu
బుల్లెట్,శక్తిమంతమైన,Telugu
లవడ,కుమారుడు,Telugu
ఆల్ రౌండర్,సమగ్రత కలిగిన,Telugu
లవడ,కుమారుడు,Telugu
రౌడీ,అల్లరి,Telugu
హల్ చల్,సంచలనం,Telugu
సెట్,కుదురుతుంది,Telugu
చుస్కో,చూడండి,Telugu
కరెక్ట్ గ,సరిగ్గా,Telugu
గాయత్రి,గాడి,Telugu
లెజెండ్,ప్రముఖుడు,Telugu
గాయత్రి,గాడి,Telugu
హల్ చల్,సంచలనం,Telugu
చిల్లర,అల్పం,Telugu
కుదుర్చుకో,సర్దుబాటు చేసుకో,Telugu
బుల్లెట్,శక్తిమంతమైన,Telugu
చెపురా,చెప్పు రా,Telugu
మొదలుపెట్ట,ప్రారంభించు,Telugu
టెన్షన్,ఆందోళన,Telugu
ఢీలా పడవద్దు,ఆత్మవిశ్వాసంతో ఉండు,Telugu
గోల,అలజడి,Telugu
గాలి వెళ్ళిపోద్ది,ఆలోచన మారుతుంది,Telugu
ఫినిష్,ముగింపు,Telugu
సెల్ఫీ,తొలిపాటి,Telugu
ఒరేయ్,హే,Telugu
రాక్,కంపించు,Telugu
రాక్,కంపించు,Telugu
చిల్లర,అల్పం,Telugu
ఎంలా,ఎలా ఉంది?,Telugu
చెపురా,చెప్పు రా,Telugu
మొదలుపెట్ట,ప్రారంభించు,Telugu
రౌడీ,అల్లరి,Telugu
లైట్ తీసుకో,శాంతంగా ఉండు,Telugu
డెబ్బ,గాయం,Telugu
గబ్బర్,కిరాయి,Telugu
బుల్లెట్,శక్తిమంతమైన,Telugu
లైట్ తీసుకో,శాంతంగా ఉండు,Telugu
నిజాముగా,నిజంగా,Telugu
టైటు,గట్టి,Telugu
హల్ చల్,సంచలనం,Telugu
హిట్,విజయం,Telugu
లెజెండ్,ప్రముఖుడు,Telugu
డెబ్బ,గాయం,Telugu
బుల్లెట్,శక్తిమంతమైన,Telugu
చావుదాం,బాగా భోజనం చేద్దాం,Telugu
లెజెండ్,ప్రముఖుడు,Telugu
బాగుండద్,బాగోలేదు,Telugu
చెపురా,చెప్పు రా,Telugu
టెన్షన్,ఆందోళన,Telugu
కరెక్ట్ గ,సరిగ్గా,Telugu
చుస్కో,చూడండి,Telugu
చప్పట్లు,ప్రశంసలు,Telugu
చప్పట్లు,ప్రశంసలు,Telugu
ఆల్ రౌండర్,సమగ్రత కలిగిన,Telugu
రాక్,కంపించు,Telugu
జల్లెడ,శుభ్రపరచడం,Telugu
కుదుర్చుకో,సర్దుబాటు చేసుకో,Telugu
బండ,బాగా లేదు,Telugu
ఒరేయ్,హే,Telugu
ఫస్ట్ క్లాస్,అత్యుత్తమ,Telugu
టెన్షన్,ఆందోళన,Telugu
చల్ రా,వెళ్ళు రా,Telugu
కుదుర్చుకో,సర్దుబాటు చేసుకో,Telugu
బండ,బాగా లేదు,Telugu
చిల్లర,అల్పం,Telugu
గబ్బర్,కిరాయి,Telugu
నిజాముగా,నిజంగా,Telugu
